Summary,Issue key,Issue id,Issue Type,Status,Project key,Project name,Project type,Project lead,Project lead id,Project description,Priority,Resolution,Assignee,Assignee Id,Reporter,Reporter Id,Creator,Creator Id,Created,Updated,Last Viewed,Resolved,Fix versions,Due date,Votes,Labels,Description,Environment,Watchers,Watchers Id,Log Work,Original estimate,Remaining Estimate,Time Spent,Work Ratio,Î£ Original Estimate,Î£ Remaining Estimate,Î£ Time Spent,Security Level,Inward issue link (Relates),Inward issue link (Relates),Inward issue link (Relates),Outward issue link (Relates),Outward issue link (Relates),Outward issue link (Relates),Outward issue link (Relates),Outward issue link (Relates),Outward issue link (Relates),Outward issue link (Relates),Outward issue link (Relates),Outward issue link (Relates),Outward issue link (Relates),Outward issue link (Relates),Attachment,Attachment,Custom field (Actual end),Custom field (Actual start),Custom field (Category),Custom field (Change reason),Custom field (Change risk),Custom field (Change type),Custom field (Compass),Custom field (Development),Custom field (Epic Color),Custom field (Epic Link),Epic Link Summary,Custom field (Epic Name),Custom field (Epic Status),Custom field (Impact),Custom field (Issue color),Custom field (Locked forms),Custom field (Open forms),Custom field (Rank),Custom field (Request Type),Custom field (Request participants),Satisfaction rating,Custom field (Start date),Custom field (Story Points),Custom field (Story point estimate),Custom field (Submitted forms),Custom field (Target end),Custom field (Target start),Custom field (Team),Custom field (Total forms),Custom field (Work category),Custom field ([CHART] Date of First Response),Status Category
Introducing multiple entry in Location,TJ-90,10089,Bug,Backlog,TJ,Tema Jira,software,Bianca,637f8896213a315af347161b,,Medium,,,,Bianca,637f8896213a315af347161b,Bianca,637f8896213a315af347161b,22/Mar/23 4:49 PM,22/Mar/23 4:58 PM,22/Mar/23 8:04 PM,,OrangeHRM,,0,,"Go on the Location page (which is a sub menu of the Organisation menu) and press add button and see if it's possible to entry multiple location. 

steps:
Go in Application OrangeHRM, in the log in you have to enter the username 'Admin' and pass 'admin123', now you go on the 'Admin', after you press admin you are redirect to another page, in the upper bar and select 'Organization', a list of sub menu will appear, select the 'Location', 'ADD' button, here we don't have an option to add multiple entry.

Expected result: The multiple location is allow to be added.
Actual result: We don't have an option to add multiple entry in the same time. We can add just one entry per time.",,Bianca,637f8896213a315af347161b,,,,,,,,,,TJ-68,,,TJ-68,,,,,,,,,,,,,,,,,,,,{},,,,,,,,,,0|i000jb:,,,,,,,,,,,,,,To Do
Introducing multiple job title,TJ-89,10088,Bug,Backlog,TJ,Tema Jira,software,Bianca,637f8896213a315af347161b,,Medium,,,,Bianca,637f8896213a315af347161b,Bianca,637f8896213a315af347161b,22/Mar/23 3:42 PM,22/Mar/23 4:58 PM,22/Mar/23 4:55 PM,,OrangeHRM,,0,,"Go on the Job Title page and press on the Add button an try to entry multiple items.

Steps
Go in Application OrangeHRM, in the log in you have to enter the username 'Admin' and pass 'admin123', now you go on the 'Admin', after you press admin you are redirect to another page, in the upper bar and select 'Job', a list of sub menu will appear, select the 'Job Title', 'ADD"" button, here we don't have an option to add multiple entry.

Expected result: You can add multiple entry, the multiple items are added.

Actual result: We don't have an option to add multiple entry in the same time. We can add just one entry per time.",,Bianca,637f8896213a315af347161b,,,,,,,,,,TJ-59,,,TJ-59,,,,,,,,,,,,,,,,,,,,{},,,,,,,,,,0|i000j3:,,,,,,,,,,,,,,To Do
Check if you can add a nationalities name with small letter in Nationalities page,TJ-88,10087,Test,In Progress,TJ,Tema Jira,software,Bianca,637f8896213a315af347161b,,Medium,,Bianca,637f8896213a315af347161b,Bianca,637f8896213a315af347161b,Bianca,637f8896213a315af347161b,22/Mar/23 2:21 PM,22/Mar/23 3:05 PM,22/Mar/23 2:27 PM,,,,0,,"Navigate on Nationalities page and go on Add, a new window appear , write a nationalities name with a small letters and save.

Expected: The nationalities should not be added.",,Bianca,637f8896213a315af347161b,,,,,,,,,,TJ-20,,,TJ-53,,,,,,,,,,,,,,,,,,,,{},,,,,,,,,,0|i000iv:,,,,,,,,,,,,,,In Progress
Add working hours in work shift list,TJ-87,10086,Bug,Backlog,TJ,Tema Jira,software,Bianca,637f8896213a315af347161b,,Medium,,,,Bianca,637f8896213a315af347161b,Bianca,637f8896213a315af347161b,22/Mar/23 11:15 AM,22/Mar/23 4:58 PM,22/Mar/23 4:56 PM,,OrangeHRM,,0,,"Navigate on the work shift page which is a sub menu from Job, click on the Add button and complete the field and save.

Steps
Go in Application OrangeHRM, in the log in you have to enter the username 'Admin' and pass 'admin123', now you go on the 'Admin', after you press admin you are redirect to another page, in the upper bar and select 'Job', and a list would appear, choose 'Work shifts' a new window appear, I press on the 'Add' button, redirect me to a new page, A new form appear with a field mandatory 'Working hours', and other filed at a fist view are optional, I complete the mandatory field and press save

Expected result: Working hours is added to the work shift list.

Actual result: In the moment when I press save one of the optional text box it's made rend and a message appear ""Required"".",,Bianca,637f8896213a315af347161b,,,,,,,,,,TJ-33,,,TJ-33,,,,,,,,,,,,,,,,,,,,{},,,,,,,,,,0|i000in:,,,,,,,,,,,,,,To Do
Employment status complete from should not be letting you to add number ,TJ-86,10085,Bug,Backlog,TJ,Tema Jira,software,Bianca,637f8896213a315af347161b,,Medium,,Bianca,637f8896213a315af347161b,Bianca,637f8896213a315af347161b,Bianca,637f8896213a315af347161b,22/Mar/23 10:19 AM,22/Mar/23 4:58 PM,22/Mar/23 4:55 PM,,OrangeHRM,,0,,"Navigate on the employment page and press the add button (to add an employment status), complete all the fields with a name (number) and press save. 

Steps:
Go in Application OrangeHRM, in the log in you have to enter the username 'Admin' and pass 'admin123', now you go on the 'Admin', after you press admin you are redirect to another page, in the upper bar and select 'Job', and a list would appear, choose 'Employment status' a new window appear, I press on the 'Add' button, redirect me to a new page, A new form appear with a field 'Name' of employment status, the text box is mandatory (I write 1234), and press on 'save'.

Expected Result: The name (number) of employment status should not be added.

Actual result: The name of employment status was added successfully, and I was redirect to the principal page of 'employment status' where is a list with all employment status.",,Bianca,637f8896213a315af347161b,,,,,,,,,,TJ-85,,,TJ-85,,,,,,,,,,,,,,,,,,,,{},,,,,,,,,,0|i000if:,,,,,,,,,,,,,,To Do
"In the employment sub menu page add an name of employment status, by adding number in the box",TJ-85,10084,Test,In Progress,TJ,Tema Jira,software,Bianca,637f8896213a315af347161b,,Medium,,Bianca,637f8896213a315af347161b,Bianca,637f8896213a315af347161b,Bianca,637f8896213a315af347161b,22/Mar/23 10:08 AM,22/Mar/23 4:33 PM,22/Mar/23 4:32 PM,,,,0,,"Navigate on the employment page and press the add button (to add an employment status), complete all the fields with a name (number) and press save. 
Expected: the name (number) of employment status should not be added.",,Bianca,637f8896213a315af347161b,,,,,,,,,,TJ-6,TJ-3,TJ-86,TJ-86,,,,,,,,,,,,,,,,,,,,{},,,,,,,,,,0|i000i7:,,,,,,,,,,,,,,In Progress
Delete an entry form Structure sub menu,TJ-70,10069,Test,Done,TJ,Tema Jira,software,Bianca,637f8896213a315af347161b,,Medium,Done,Bianca,637f8896213a315af347161b,Bianca,637f8896213a315af347161b,Bianca,637f8896213a315af347161b,21/Mar/23 9:38 AM,22/Mar/23 4:40 PM,22/Mar/23 4:38 PM,22/Mar/23 4:40 PM,,,0,,"On the Structure sub menu check the Edit mode and press the delete button.
Expected: The entry is deleted.",,Bianca,637f8896213a315af347161b,,,,,,,,,,TJ-13,TJ-10,,,,,,,,,,,,,,,,,,,,,,{},,,,,,,,,,0|i000ev:,,,,,,,,,,,,,,Done
Delete an item form Location page,TJ-69,10068,Test,Done,TJ,Tema Jira,software,Bianca,637f8896213a315af347161b,,Medium,Done,Bianca,637f8896213a315af347161b,Bianca,637f8896213a315af347161b,Bianca,637f8896213a315af347161b,21/Mar/23 9:36 AM,22/Mar/23 3:58 PM,22/Mar/23 4:38 PM,22/Mar/23 3:58 PM,,,0,,"On the Location page, where is the list press the delete button which is near to an item and deleted.
Expected: The item is deleted.",,Bianca,637f8896213a315af347161b,,,,,,,,,,TJ-12,TJ-10,,,,,,,,,,,,,,,,,,,,,,{},,,,,,,,,,0|i000en:,,,,,,,,,,,,,,Done
Add multiple location for a person in the Location page,TJ-68,10067,Test,In Progress,TJ,Tema Jira,software,Bianca,637f8896213a315af347161b,,Medium,,,,Bianca,637f8896213a315af347161b,Bianca,637f8896213a315af347161b,21/Mar/23 9:20 AM,22/Mar/23 4:49 PM,22/Mar/23 4:48 PM,,,,0,,"Go on the Location page (which is a sub menu of the Organisation menu) and press add button and see if it's possible to entry multiple location. 
Expected: The multiple location is allow to be added.",,Bianca,637f8896213a315af347161b,,,,,,,,,,TJ-12,TJ-90,,TJ-90,,,,,,,,,,,,,,,,,,,,{},,,,,,,,,,0|i000ef:,,,,,,,,,,,,,,In Progress
Delete multiple items form the Work shifts list,TJ-67,10066,Test,Done,TJ,Tema Jira,software,Bianca,637f8896213a315af347161b,,Medium,Done,Bianca,637f8896213a315af347161b,Bianca,637f8896213a315af347161b,Bianca,637f8896213a315af347161b,20/Mar/23 3:36 PM,22/Mar/23 3:58 PM,22/Mar/23 3:55 PM,22/Mar/23 3:58 PM,,,0,,"Navigate on the work shifts page an check multiple box form the list that appear on the page (with the name of the work shifts) and press delete.
Expected: the Items form the list are deleted. ",,Bianca,637f8896213a315af347161b,,,,,,,,,,TJ-8,,,,,,,,,,,,,,,,,,,,,,,{},,,,,,,,,,0|i000e7:,,,,,,,,,,,,,,Done
Delete an item form the Work shifts list,TJ-66,10065,Test,Done,TJ,Tema Jira,software,Bianca,637f8896213a315af347161b,,Medium,Done,Bianca,637f8896213a315af347161b,Bianca,637f8896213a315af347161b,Bianca,637f8896213a315af347161b,20/Mar/23 3:32 PM,22/Mar/23 3:54 PM,22/Mar/23 3:53 PM,22/Mar/23 3:54 PM,,,0,,"Navigate on the work shifts page and press delete button, and delete an item form the list.
Expected:the item from work shift is deleted.",,Bianca,637f8896213a315af347161b,,,,,,,,,,TJ-8,,,,,,,,,,,,,,,,,,,,,,,{},,,,,,,,,,0|i000dz:,,,,,,,,,,,,,,Done
Delete multiple item form the job categories list,TJ-65,10064,Test,Done,TJ,Tema Jira,software,Bianca,637f8896213a315af347161b,,Medium,Done,Bianca,637f8896213a315af347161b,Bianca,637f8896213a315af347161b,Bianca,637f8896213a315af347161b,20/Mar/23 2:31 PM,22/Mar/23 3:52 PM,22/Mar/23 3:54 PM,22/Mar/23 3:52 PM,,,0,,"Navigate on the list with job categories name and mark multiple check box from the list name and press delete.
Expected: The name of job categories from the list is deleted.",,Bianca,637f8896213a315af347161b,,,,,,,,,,TJ-7,,,,,,,,,,,,,,,,,,,,,,,{},,,,,,,,,,0|i000dr:,,,,,,,,,,,,,,Done
Delete an item from the Job Categories sub menu,TJ-64,10063,Test,Done,TJ,Tema Jira,software,Bianca,637f8896213a315af347161b,,Medium,Done,Bianca,637f8896213a315af347161b,Bianca,637f8896213a315af347161b,Bianca,637f8896213a315af347161b,20/Mar/23 2:29 PM,22/Mar/23 3:51 PM,22/Mar/23 3:55 PM,22/Mar/23 3:51 PM,,,0,,"Navigate on the list with name of Job Categories form the sub menu of the Job Categories and press delete button.
Expected: the Job categories name is deleted.",,Bianca,637f8896213a315af347161b,,,,,,,,,,TJ-7,,,,,,,,,,,,,,,,,,,,,,,{},,,,,,,,,,0|i000dj:,,,,,,,,,,,,,,Done
Delete and Employment status form Employment page,TJ-63,10062,Test,Done,TJ,Tema Jira,software,Bianca,637f8896213a315af347161b,,Medium,Done,Bianca,637f8896213a315af347161b,Bianca,637f8896213a315af347161b,Bianca,637f8896213a315af347161b,20/Mar/23 2:06 PM,22/Mar/23 3:51 PM,22/Mar/23 3:55 PM,22/Mar/23 3:51 PM,,,0,,"Go on the employment sub menu and press delete that is near a employment status.
Expected: The employment status is deleted. ",,Bianca,637f8896213a315af347161b,,,,,,,,,,TJ-6,,,,,,,,,,,,,,,,,,,,,,,{},,,,,,,,,,0|i000db:,,,,,,,,,,,,,,Done
"Check if you can edit the employment status, form the Employment page",TJ-62,10061,Test,Done,TJ,Tema Jira,software,Bianca,637f8896213a315af347161b,,Medium,Done,Bianca,637f8896213a315af347161b,Bianca,637f8896213a315af347161b,Bianca,637f8896213a315af347161b,20/Mar/23 2:04 PM,22/Mar/23 4:44 PM,22/Mar/23 4:41 PM,22/Mar/23 4:44 PM,,,0,,"Navigate on the employment page, and I press the edit button near to employment status and change the fields that appear and press save.
Expected: The changed are saved and the list was edited.",,Bianca,637f8896213a315af347161b,,,,,,,,,,TJ-6,,,,,,,,,,,,,,,,,,,,,,,{},,,,,,,,,,0|i000d3:,,,,,,,,,,,,,,Done
Delete an entry from the Pay grades page,TJ-61,10060,Test,Done,TJ,Tema Jira,software,Bianca,637f8896213a315af347161b,,Medium,Done,Bianca,637f8896213a315af347161b,Bianca,637f8896213a315af347161b,Bianca,637f8896213a315af347161b,20/Mar/23 1:44 PM,22/Mar/23 3:49 PM,22/Mar/23 3:44 PM,22/Mar/23 3:49 PM,,,0,,"Navigate on the pay grade page and press the delete button.
Expected: the item for the pat grades page was deleted.",,Bianca,637f8896213a315af347161b,,,,,,,,,,TJ-5,,,,,,,,,,,,,,,,,,,,,,,{},,,,,,,,,,0|i000cv:,,,,,,,,,,,,,,Done
Delete items form the Job Title page,TJ-60,10059,Test,Done,TJ,Tema Jira,software,Bianca,637f8896213a315af347161b,,Medium,Done,Bianca,637f8896213a315af347161b,Bianca,637f8896213a315af347161b,Bianca,637f8896213a315af347161b,20/Mar/23 1:36 PM,22/Mar/23 3:48 PM,22/Mar/23 3:47 PM,22/Mar/23 3:48 PM,,,0,Job-Title-submenu,"Navigate on the Job Title page and press on the delete button that appear near to o name of the job title.
Expected: The name of the job title is deleted.",,Bianca,637f8896213a315af347161b,,,,,,,,,,TJ-4,,,,,,,,,,,,,,,,,,,,,,,{},,,,,,,,,,0|i000cn:,,,,,,,,,,,,,,Done
Check the Add window in Job Title it's can be added multiple entrys,TJ-59,10058,Test,In Progress,TJ,Tema Jira,software,Bianca,637f8896213a315af347161b,,Medium,,Bianca,637f8896213a315af347161b,Bianca,637f8896213a315af347161b,Bianca,637f8896213a315af347161b,20/Mar/23 1:32 PM,22/Mar/23 3:42 PM,22/Mar/23 4:47 PM,,,,0,Job-Title-submenu,"Go on the Job Title page and press on the Add button an try to entry multiple items.
Expected: You can add multiple entry, the multiple items are added.",,Bianca,637f8896213a315af347161b,,,,,,,,,,TJ-4,TJ-89,,TJ-89,,,,,,,,,,,,,,,,,,,,{},,,,,,,,,,0|i000cf:,,,,,,,,,,,,,,In Progress
Create a user login from PIM module,TJ-57,10056,Test,Done,TJ,Tema Jira,software,Bianca,637f8896213a315af347161b,,Medium,Done,Bianca,637f8896213a315af347161b,Bianca,637f8896213a315af347161b,Bianca,637f8896213a315af347161b,20/Mar/23 10:19 AM,22/Mar/23 3:33 PM,22/Mar/23 3:44 PM,22/Mar/23 3:33 PM,,,0,,"Navigate in PIM module, click on add employee and create a user login.
Expected: The user login is created with succes.",,Bianca,637f8896213a315af347161b,,,,,,,,,,TJ-2,,,,,,,,,,,,,,,,,,,,,,,{},,,,,,,,,,0|i000bz:,,,,,,,,,,,,,,Done
Email Configuration,TJ-54,10053,Bug,Backlog,TJ,Tema Jira,software,Bianca,637f8896213a315af347161b,,Medium,,,,Bianca,637f8896213a315af347161b,Bianca,637f8896213a315af347161b,28/Feb/23 3:37 PM,22/Mar/23 3:14 PM,22/Mar/23 4:55 PM,,OrangeHRM,,0,,"Navigate on the Configuration menu and go on email configuration, insert an email address and send an test mail and press save.

Steps:

Go in Application OrangeHRM, in the log in you have to enter the username 'Admin' and pass 'admin123', now you go on the 'Admin', after you press admin you are redirect to another page, in the upper bar and select 'Configuration', a list of sub menu will appear, select the 'Email Configuration', complete all the fields and select to sent an email test, and press save.


Expected result: The configuration are made it. you receive an notification email.

Actual result: The mail are configuration, a notification appear with the mail sent, you don't receive any e-mail of test.",,Bianca,637f8896213a315af347161b,,,,,,,,,,TJ-22,,,TJ-44,,,,,,,,,,,28/Feb/23 3:35 PM;637f8896213a315af347161b;image-2023-02-28-15-35-57-242.png;https://cobia.atlassian.net/secure/attachment/10015/image-2023-02-28-15-35-57-242.png,28/Feb/23 3:37 PM;637f8896213a315af347161b;image-2023-02-28-15-37-13-587.png;https://cobia.atlassian.net/secure/attachment/10014/image-2023-02-28-15-37-13-587.png,,,,,,,,{},,,,,,,,,,0|i000bj:,,,,,,,,,,,,,,To Do
Nationalities add a nationalities with small letters,TJ-53,10052,Bug,Backlog,TJ,Tema Jira,software,Bianca,637f8896213a315af347161b,,Medium,,Bianca,637f8896213a315af347161b,Bianca,637f8896213a315af347161b,Bianca,637f8896213a315af347161b,28/Feb/23 3:24 PM,22/Mar/23 3:05 PM,22/Mar/23 4:55 PM,,OrangeHRM,,0,,"Navigate on Nationalities page and go on Add, a new window appear , write a nationalities name with a small letters and save.

Steps

Go in Application OrangeHRM, in the log in you have to enter the username 'Admin' and pass 'admin123', now you go on the 'Admin', after you press admin you are redirect to another page, in the upper bar and select 'Nationalities', a new page appear, press on 'Add', insert a name of nationalities with small letters and save.

Expected result: The nationalities should not be added.

Actual result: The nationalities is added in the list.



  ",,Bianca,637f8896213a315af347161b,,,,,,,,,,TJ-88,TJ-20,,,,,,,,,,,,,,,,,,,,,,{},,,,,,,,,,0|i000bb:,,,,,,,,,,,,,,To Do
 Configure the display/ hide settings in the Module page,TJ-47,10046,Test,Done,TJ,Tema Jira,software,Bianca,637f8896213a315af347161b,,Medium,Done,Bianca,637f8896213a315af347161b,Bianca,637f8896213a315af347161b,Bianca,637f8896213a315af347161b,22/Feb/23 3:56 PM,22/Mar/23 3:29 PM,22/Mar/23 3:28 PM,22/Mar/23 3:29 PM,,,0,,"Navigate on the Module page from configuration and choose what item to show or hide from the display 
Expected: The new configuration is made it.",,Bianca,637f8896213a315af347161b,,,,,,,,,,TJ-26,TJ-21,,,,,,,,,,,,,,,,,,,,,,{},,,,,,,,,,0|i0009z:,,,,,,,,,,,,,,Done
Configure the localization by adding the language and data format,TJ-46,10045,Test,Done,TJ,Tema Jira,software,Bianca,637f8896213a315af347161b,,Medium,Done,Bianca,637f8896213a315af347161b,Bianca,637f8896213a315af347161b,Bianca,637f8896213a315af347161b,22/Feb/23 3:55 PM,22/Mar/23 3:28 PM,22/Mar/23 3:28 PM,22/Mar/23 3:28 PM,,,0,,"Navigate on the localization page, and introduce a language and a data format and press save
Expected: The data format is set and the page is translated.",,Bianca,637f8896213a315af347161b,,,,,,,,,,TJ-21,,,TJ-24,TJ-25,,,,,,,,,,,,,,,,,,,{},,,,,,,,,,0|i0009r:,,,,,,,,,,,,,,Done
Check if you can Subscribe to email notifications,TJ-45,10044,Test,Done,TJ,Tema Jira,software,Bianca,637f8896213a315af347161b,,Medium,Done,Bianca,637f8896213a315af347161b,Bianca,637f8896213a315af347161b,Bianca,637f8896213a315af347161b,22/Feb/23 3:53 PM,22/Mar/23 3:22 PM,22/Mar/23 3:16 PM,22/Mar/23 3:22 PM,,,0,,"Navigate on the Email Subscription page and go on an action, a new window appear press on add and add a subscriber.
Expected: The subscription are made successfully.",,Bianca,637f8896213a315af347161b,,,,,,,,,,TJ-21,,,TJ-23,,,,,,,,,,,,,,,,,,,,{},,,,,,,,,,0|i0009j:,,,,,,,,,,,,,,Done
"Check if you can configure an email , by sending and receiving notification",TJ-44,10043,Test,In Progress,TJ,Tema Jira,software,Bianca,637f8896213a315af347161b,,Medium,,Bianca,637f8896213a315af347161b,Bianca,637f8896213a315af347161b,Bianca,637f8896213a315af347161b,22/Feb/23 3:52 PM,21/Mar/23 2:20 PM,22/Mar/23 3:28 PM,,,,0,,"Navigate on the Configuration menu and go on email configuration, insert an email address and send an test mail and press save.
Expected: The configuration are made it. you receive an notification email.",,Bianca,637f8896213a315af347161b,,,,,,,,,,TJ-54,TJ-21,TJ-22,,,,,,,,,,,,,,,,,,,,,{},,,,,,,,,,0|i0009b:,,,,,,,,,,,,,,In Progress
Check if you can add nationalities,TJ-43,10042,Test,Done,TJ,Tema Jira,software,Bianca,637f8896213a315af347161b,,Medium,Done,Bianca,637f8896213a315af347161b,Bianca,637f8896213a315af347161b,Bianca,637f8896213a315af347161b,22/Feb/23 3:48 PM,22/Mar/23 3:01 PM,22/Mar/23 8:06 PM,22/Mar/23 3:01 PM,,,0,,"Navigate on Nationalities page and go on Add, a new window appear , write a nationalities name and save.

Expected: The nationalities is added successfully. If the nationalities is existing in data base the nationalities should not be added again.",,Bianca,637f8896213a315af347161b,,,,,,,,,,TJ-20,,,,,,,,,,,,,,,,,,,,,,,{},,,,,,,,,,0|i00093:,,,,,,,,,,,,,,Done
Check if you can add a membership,TJ-42,10041,Test,Done,TJ,Tema Jira,software,Bianca,637f8896213a315af347161b,,Medium,Done,Bianca,637f8896213a315af347161b,Bianca,637f8896213a315af347161b,Bianca,637f8896213a315af347161b,22/Feb/23 3:46 PM,22/Mar/23 2:13 PM,22/Mar/23 8:06 PM,22/Mar/23 2:13 PM,,,0,,"The user navigate on the Membership page click on add button, write a name of membership and press save.

Expected: The membership is added successfully.",,Bianca,637f8896213a315af347161b,,,,,,,,,,TJ-19,TJ-14,,,,,,,,,,,,,,,,,,,,,,{},,,,,,,,,,0|i0008v:,,,,,,,,,,,,,,Done
Check if you can add types of language in Language window which is a sub unit of Qualification,TJ-41,10040,Test,Done,TJ,Tema Jira,software,Bianca,637f8896213a315af347161b,,Medium,Done,Bianca,637f8896213a315af347161b,Bianca,637f8896213a315af347161b,Bianca,637f8896213a315af347161b,22/Feb/23 3:42 PM,22/Mar/23 2:09 PM,22/Mar/23 8:06 PM,22/Mar/23 2:09 PM,,,0,,"Navigate on the Language page and click on Add (+) a new window appear, write a name of language and save.

Expected: The name of language is added successfully.",,Bianca,637f8896213a315af347161b,,,,,,,,,,TJ-14,,,TJ-18,,,,,,,,,,,,,,,,,,,,{},,,,,,,,,,0|i0008n:,,,,,,,,,,,,,,Done
Add types of education in Education window,TJ-40,10039,Test,Done,TJ,Tema Jira,software,Bianca,637f8896213a315af347161b,,Medium,Done,Bianca,637f8896213a315af347161b,Bianca,637f8896213a315af347161b,Bianca,637f8896213a315af347161b,22/Feb/23 3:40 PM,22/Mar/23 2:03 PM,22/Mar/23 8:06 PM,22/Mar/23 2:03 PM,,,0,,"In education page press Add and a new window appear, there introduce the level of education and save.

Expected: The level of education is added successfully. ",,Bianca,637f8896213a315af347161b,,,,,,,,,,TJ-14,,,TJ-16,,,,,,,,,,,,,,,,,,,,{},,,,,,,,,,0|i0008f:,,,,,,,,,,,,,,Done
"Add Licenses to the list, on the licenses page",TJ-39,10038,Test,Done,TJ,Tema Jira,software,Bianca,637f8896213a315af347161b,,Medium,Done,Bianca,637f8896213a315af347161b,Bianca,637f8896213a315af347161b,Bianca,637f8896213a315af347161b,22/Feb/23 3:36 PM,22/Mar/23 1:59 PM,22/Mar/23 8:06 PM,22/Mar/23 1:59 PM,,,0,,"In the Licenses page, press on Add, a new page appear and complete all the fields and press save

Expected: all the new licenses are added with succes.",,Bianca,637f8896213a315af347161b,,,,,,,,,,TJ-14,,,TJ-17,,,,,,,,,,,,,,,,,,,,{},,,,,,,,,,0|i00087:,,,,,,,,,,,,,,Done
Add new skill to the list of skills ,TJ-38,10037,Test,Done,TJ,Tema Jira,software,Bianca,637f8896213a315af347161b,,Medium,Done,Bianca,637f8896213a315af347161b,Bianca,637f8896213a315af347161b,Bianca,637f8896213a315af347161b,22/Feb/23 3:34 PM,22/Mar/23 1:55 PM,22/Mar/23 8:06 PM,22/Mar/23 1:55 PM,,,0,,"Go on Qualification menu, and go on Skill page, press the Add button, fill all the fields, and press save.

The new skill is added successful on the list.",,Bianca,637f8896213a315af347161b,,,,,,,,,,TJ-14,,,TJ-15,,,,,,,,,,,,,,,,,,,,{},,,,,,,,,,0|i0007z:,,,,,,,,,,,,,,Done
Check qualification sub menu,TJ-37,10036,Test,Done,TJ,Tema Jira,software,Bianca,637f8896213a315af347161b,,Medium,Done,Bianca,637f8896213a315af347161b,Bianca,637f8896213a315af347161b,Bianca,637f8896213a315af347161b,22/Feb/23 3:30 PM,22/Mar/23 11:48 AM,22/Mar/23 8:06 PM,22/Mar/23 11:48 AM,,,0,,"Check if the qualification have the following in the sub-menu (Skills, Education, Licenses, Language)
Expected: the sub-menu have all items",,Bianca,637f8896213a315af347161b,,,,,,,,,,,,,TJ-14,,,,,,,,,,,,,,,,,,,,{},,,,,,,,,,0|i0007r:,,,,,,,,,,,,,,Done
Define the hierarchy in the Structure page by edit and add the units,TJ-36,10035,Test,Done,TJ,Tema Jira,software,Bianca,637f8896213a315af347161b,,Medium,Done,Bianca,637f8896213a315af347161b,Bianca,637f8896213a315af347161b,Bianca,637f8896213a315af347161b,22/Feb/23 3:28 PM,22/Mar/23 11:45 AM,22/Mar/23 8:06 PM,22/Mar/23 11:45 AM,,,0,,"Go to the Structure page (sub menu of Organization menu) and check the Edit mode, and define the hierarchy by defining the sub units.

Expected: The hierarchy is edited and the nu sub units appear.",,Bianca,637f8896213a315af347161b,,,,,,,,,,TJ-10,,,TJ-13,,,,,,,,,,,,,,,,,,,,{},,,,,,,,,,0|i0007j:,,,,,,,,,,,,,,Done
On the Location page add details of the person location,TJ-35,10034,Test,Done,TJ,Tema Jira,software,Bianca,637f8896213a315af347161b,,Medium,Done,Bianca,637f8896213a315af347161b,Bianca,637f8896213a315af347161b,Bianca,637f8896213a315af347161b,22/Feb/23 3:26 PM,22/Mar/23 11:37 AM,22/Mar/23 8:06 PM,22/Mar/23 11:37 AM,,,0,,"Navigate on the Location page (sub menu of the Organization) and press on Add (ğŸ™‚ğŸ™‚+) button fill all the fields and press save.

Expected: All the detail are saved, and a list would appear.",,Bianca,637f8896213a315af347161b,,,,,,,,,,TJ-10,,,TJ-12,,,,,,,,,,,,,,,,,,,,{},,,,,,,,,,0|i0007b:,,,,,,,,,,,,,,Done
Edit the item on the General information fields,TJ-34,10033,Test,Done,TJ,Tema Jira,software,Bianca,637f8896213a315af347161b,,Medium,Done,Bianca,637f8896213a315af347161b,Bianca,637f8896213a315af347161b,Bianca,637f8896213a315af347161b,22/Feb/23 3:23 PM,22/Mar/23 11:26 AM,22/Mar/23 8:06 PM,22/Mar/23 11:26 AM,,,0,,"Go on the Organization in General information page and press the Edit button, change something in the field and save.

Expected: The information are update.",,Bianca,637f8896213a315af347161b,,,,,,,,,,TJ-10,,,TJ-11,,,,,,,,,,,,,,,,,,,,{},,,,,,,,,,0|i00073:,,,,,,,,,,,,,,Done
Add a new work shift item in the list,TJ-33,10032,Test,In Progress,TJ,Tema Jira,software,Bianca,637f8896213a315af347161b,,Medium,,Bianca,637f8896213a315af347161b,Bianca,637f8896213a315af347161b,Bianca,637f8896213a315af347161b,22/Feb/23 3:19 PM,22/Mar/23 4:56 PM,22/Mar/23 4:56 PM,,,,0,,"Navigate on the work shift page which is a sub menu from Job, click on the Add button and complete the field and save.

Expected: New Work shift is added to the list.",,Bianca,637f8896213a315af347161b,,,,,,,,,,TJ-3,TJ-87,,TJ-8,TJ-87,,,,,,,,,,,,,,,,,,,{},,,,,,,,,,0|i0006v:,,,,,,,,,,,,,,In Progress
Add a Job Categories form the Job menu ,TJ-32,10031,Test,Done,TJ,Tema Jira,software,Bianca,637f8896213a315af347161b,,Medium,Done,Bianca,637f8896213a315af347161b,Bianca,637f8896213a315af347161b,Bianca,637f8896213a315af347161b,22/Feb/23 3:17 PM,22/Mar/23 10:32 AM,22/Mar/23 8:06 PM,22/Mar/23 10:32 AM,,,0,,"Navigate on the Job Categories page and press the add button, complete all the field and press Save.

Expected: the Job categories is added to the list.",,Bianca,637f8896213a315af347161b,,,,,,,,,,TJ-3,,,TJ-7,,,,,,,,,,,,,,,,,,,,{},,,,,,,,,,0|i0006n:,,,,,,,,,,,,,,Done
In the employment sub menu page add an employment status,TJ-31,10030,Test,Done,TJ,Tema Jira,software,Bianca,637f8896213a315af347161b,,Medium,Done,Bianca,637f8896213a315af347161b,Bianca,637f8896213a315af347161b,Bianca,637f8896213a315af347161b,22/Feb/23 3:15 PM,22/Mar/23 10:28 AM,22/Mar/23 8:06 PM,22/Mar/23 10:12 AM,OrangeHRM,,0,,"Navigate on the employment page and press the add button (to add an employment status), complete all the fields with a name (letter) and press save. 
Expected: a list of employment status would appear, and the name (letter) is added with success.",,Bianca,637f8896213a315af347161b,,,,,,,,,,TJ-6,TJ-3,,,,,,,,,,,,,,,,,,,,,,{},,,,,,,,,,0|i0006f:,,,,,,,,,,,,,,Done
Define the Pay grade by a minimum and maximum salary,TJ-30,10029,Test,Done,TJ,Tema Jira,software,Bianca,637f8896213a315af347161b,,Medium,Done,Bianca,637f8896213a315af347161b,Bianca,637f8896213a315af347161b,Bianca,637f8896213a315af347161b,22/Feb/23 3:08 PM,22/Mar/23 11:53 AM,22/Mar/23 8:06 PM,22/Mar/23 11:53 AM,,,0,,"Check if you can define/add the pay grade by setting a minimum and maximum salary
Expected: the pay grade are added, and a list would appear",,Bianca,637f8896213a315af347161b,,,,,,,,,,TJ-3,,,TJ-5,,,,,,,,,,,,,,,,,,,,{},,,,,,,,,,0|i00067:,,,,,,,,,,,,,,Done
Check if you can add an entry in Job titles,TJ-29,10028,Test,Done,TJ,Tema Jira,software,Bianca,637f8896213a315af347161b,,Medium,Done,Bianca,637f8896213a315af347161b,Bianca,637f8896213a315af347161b,Bianca,637f8896213a315af347161b,22/Feb/23 3:05 PM,22/Mar/23 11:51 AM,22/Mar/23 3:45 PM,22/Mar/23 11:51 AM,,,0,Job-Title-submenu,"Navigate on the Job title page and press on Add, a new page appear, complete all the fields and press save.
Expected: The job title is added successfully                                                                                                                         ",,Bianca,637f8896213a315af347161b,,,,,,,,,,TJ-3,,,TJ-4,,,,,,,,,,,,,,,,,,,,{},,,,,,,,,,0|i0005z:,,,,,,,,,,,,,,Done
Check the sub menu of the Job is complete,TJ-28,10027,Test,Done,TJ,Tema Jira,software,Bianca,637f8896213a315af347161b,,Low,Done,Bianca,637f8896213a315af347161b,Bianca,637f8896213a315af347161b,Bianca,637f8896213a315af347161b,22/Feb/23 2:34 PM,22/Mar/23 9:01 AM,22/Mar/23 8:06 PM,22/Mar/23 9:01 AM,,,0,,"Check if the sub menu â€œJobâ€ have following items (Job titles, Pay grades, Employment status, Job status, Job categories, Work shifts);
Expected: The sub menu have all items.",,Bianca,637f8896213a315af347161b,;22/Mar/23 8:30 AM;637f8896213a315af347161b;120,,0,120,,,0,120,,,,,TJ-3,,,,,,,,,,,,,,,,,,,,{},,,,,,,,,,0|i0005r:,,,,,,,,,,,,,,Done
Add a system user in user management,TJ-27,10026,Test,Done,TJ,Tema Jira,software,Bianca,637f8896213a315af347161b,,Medium,Done,Bianca,637f8896213a315af347161b,Bianca,637f8896213a315af347161b,Bianca,637f8896213a315af347161b,16/Feb/23 3:08 PM,22/Mar/23 8:29 AM,22/Mar/23 8:06 PM,22/Mar/23 8:29 AM,,,0,,"Navigate on the admin page in the user manager and press add a new window is appear, copleat all the fields and save.

Expected: The system user will be added.",,Bianca,637f8896213a315af347161b,;21/Mar/23 7:44 PM;637f8896213a315af347161b;900,,0,900,,,0,900,,,,,TJ-2,,,,,,,,,,,,,,,,,,,,{},,,,,,,,,,0|i0005j:,,,,,,,,,,,,,,Done
Modules ,TJ-26,10025,Task,Backlog,TJ,Tema Jira,software,Bianca,637f8896213a315af347161b,,Medium,,Bianca,637f8896213a315af347161b,Bianca,637f8896213a315af347161b,Bianca,637f8896213a315af347161b,06/Feb/23 6:18 PM,21/Mar/23 2:28 PM,22/Mar/23 8:06 PM,,OrangeHRM,,0,,"This feature enables the HR Admin to configure the display/hide settings of the modules of the system. To configure the module display settings, go to Admin>> Configuration>> Modules and the screen will appear. Click â€œEdit â€œto edit module display. You may select from the list the modules you want to be displayed/hidden. Click â€œSaveâ€ one module configuration is completed. ",,Bianca,637f8896213a315af347161b,,,,,,,,,,TJ-21,,,TJ-47,,,,,,,,,,,,,,,,,,,,{},,TJ-1, Admin Module ,,,,,,,0|i0005b:,,,,,,,,,,,,,,To Do
Localization (Date Format Localization) ,TJ-25,10024,Task,Backlog,TJ,Tema Jira,software,Bianca,637f8896213a315af347161b,,Medium,,Bianca,637f8896213a315af347161b,Bianca,637f8896213a315af347161b,Bianca,637f8896213a315af347161b,06/Feb/23 6:17 PM,21/Mar/23 8:16 AM,22/Mar/23 8:06 PM,,OrangeHRM,,0,,"This feature allows the HR Admin to set up the date format that will be reflected throughout the whole system. Once you have configured the localization settings, click â€œSaveâ€.",,Bianca,637f8896213a315af347161b,,,,,,,,,,TJ-21,TJ-46,,,,,,,,,,,,,,,,,,,,,,{},,TJ-1, Admin Module ,,,,,,,0|i00053:,,,,,,,,,,,,,,To Do
Localization (Language Localization),TJ-24,10023,Task,Backlog,TJ,Tema Jira,software,Bianca,637f8896213a315af347161b,,Medium,,Bianca,637f8896213a315af347161b,Bianca,637f8896213a315af347161b,Bianca,637f8896213a315af347161b,06/Feb/23 6:17 PM,21/Mar/23 8:16 AM,22/Mar/23 8:06 PM,,OrangeHRM,,0,,"This feature enables the HR Admin to configure the language settings and translate the OrangeHRM system to the language of your choice. To configure localization settings, go to Admin>> Configuration>> Localization and the screen would appear. Click â€œEditâ€ to edit the fields. The default language of the system is US English however you may also use an already set up browser language to translate the system to the language of choice. For example: If you are using Firefox as your browser and itâ€™s translated in UK English language and you want to use this particular language, click on the â€œUse Browser Language if setâ€ and select from the â€œSupported Languageâ€ provided. The language pack tool can also be obtained from the website by clicking on â€œLanguage and font helpâ€ where you will be diverted to the web page or by simply browsing through the OrangeHRM Website ([www.orangehrm.com|http://www.orangehrm.com] >> Community>> Translators).",,Bianca,637f8896213a315af347161b,,,,,,,,,,TJ-21,TJ-46,,,,,,,,,,,,,,,,,,,,,,{},,TJ-1, Admin Module ,,,,,,,0|i0004v:,,,,,,,,,,,,,,To Do
Email Subscriptions,TJ-23,10022,Task,Backlog,TJ,Tema Jira,software,Bianca,637f8896213a315af347161b,,Medium,,Bianca,637f8896213a315af347161b,Bianca,637f8896213a315af347161b,Bianca,637f8896213a315af347161b,06/Feb/23 6:14 PM,21/Mar/23 8:16 AM,22/Mar/23 8:06 PM,,OrangeHRM,,0,,"This feature will allow the admin to subscribe to email notifications that will be sent to the employees and supervisors in the system. A copy of the mail will be sent to the email address specified by the Admin. He/she can also select what copies of notifications he should receive. To subscribe to a notification type, go to Admin>> Configuration>> Email Subscriptions and a screen would appear. The HR Admin may also add other subscribers to the following notifications by clicking on the notification types and you will be directed to the screen. Once the fields are added, click â€œSaveâ€. The entry will then be listed and multiple entries of subscribers for a particular notification type may also be added or deleted. When you click â€œBackâ€ you will be directed to the â€œEmail Notificationâ€ screen with the added notification subscriber reflected on the screen. ",,Bianca,637f8896213a315af347161b,,,,,,,,,,TJ-21,TJ-45,,,,,,,,,,,,,,,,,,,,,,{},,TJ-1, Admin Module ,,,,,,,0|i0004n:,,,,,,,,,,,,,,To Do
Email Configuration,TJ-22,10021,Task,Backlog,TJ,Tema Jira,software,Bianca,637f8896213a315af347161b,,Medium,,Bianca,637f8896213a315af347161b,Bianca,637f8896213a315af347161b,Bianca,637f8896213a315af347161b,06/Feb/23 6:12 PM,22/Mar/23 3:13 PM,22/Mar/23 8:06 PM,,OrangeHRM,,0,,"Configuration of mail settings is essential to accommodate sending and receiving notifications related to the operations performed within the OrangeHRM application (Ex: leave management). To configure the mail settings, go to Admin>> Configuration>>Email Configuration, a screen would appear. Enter the fields accurately by clicking â€œEditâ€, and then a test mail to an email address of your choice could be sent to check functionality. Click â€œSaveâ€ when you have entered all the settings and you may check the email account if you specified an address to receive the test mail. ",,Bianca,637f8896213a315af347161b,,,,,,,,,,TJ-21,,,TJ-44,TJ-54,,,,,,,,,,,,,,,,,,,{},,TJ-1, Admin Module ,,,,,,,0|i0004f:,,,,,,,,,,,,,,To Do
Configuration,TJ-21,10020,Story,Backlog,TJ,Tema Jira,software,Bianca,637f8896213a315af347161b,,Medium,,Bianca,637f8896213a315af347161b,Bianca,637f8896213a315af347161b,Bianca,637f8896213a315af347161b,06/Feb/23 6:11 PM,21/Mar/23 2:28 PM,22/Mar/23 8:06 PM,,OrangeHRM,,0,,"This feature allows you to subscribe and receive notifications and to configure the parameters in setting up the email so notifications will be sent to relevant persons which will quicken the communication processes. It also allows the HR admin to configure language localization for the entire system, set up a date format and enable/disable module display.",,Bianca,637f8896213a315af347161b,,,,,,,,,,TJ-1,,,TJ-22,TJ-23,TJ-24,TJ-25,TJ-26,TJ-44,TJ-45,TJ-46,TJ-47,,,,,,,,,,,,{},,TJ-1, Admin Module ,,,,,,,0|i00047:,,,,,,,,,,,,,,To Do
Nationalities,TJ-20,10019,Story,Backlog,TJ,Tema Jira,software,Bianca,637f8896213a315af347161b,,Medium,,Bianca,637f8896213a315af347161b,Bianca,637f8896213a315af347161b,Bianca,637f8896213a315af347161b,06/Feb/23 6:11 PM,22/Mar/23 3:04 PM,22/Mar/23 8:06 PM,,OrangeHRM,,0,,"This feature allows the HR Admin to define the different nationalities that present in the company which can later be used in the PIM Module. Various nationalities are already pre-defined. To add a nationality, go to Admin>> Nationalities and click â€œAddâ€, a screen would appear. Click â€œSaveâ€ once the field is added. A list of nationalities would appear once a â€œNationalityâ€ is added. You may also add multiple entries of nationalities. To delete a nationality, click on the check box next to the â€œNationalityâ€â€ name. It is also possible to delete multiple entries at the same time by clicking the check box entries you wish to delete and simply clicking â€œDeleteâ€.",,Bianca,637f8896213a315af347161b,,,,,,,,,,TJ-1,,,TJ-43,TJ-88,TJ-53,,,,,,,,,,,,,,,,,,{},,TJ-1, Admin Module ,,,,,,,0|i0003z:,,,,,,,,,,,,,,To Do
Memberships,TJ-19,10018,Task,Backlog,TJ,Tema Jira,software,Bianca,637f8896213a315af347161b,,Medium,,Bianca,637f8896213a315af347161b,Bianca,637f8896213a315af347161b,Bianca,637f8896213a315af347161b,06/Feb/23 6:10 PM,21/Mar/23 2:52 PM,22/Mar/23 8:06 PM,,OrangeHRM,,0,,"This feature allows the HR Admin to define different membership details of the employees which can be later used in the PIM Module. To add a membership, go to Admin>> Qualifications>> Membership and click â€œAddâ€, a screen would appear. Click â€œSaveâ€ once the field is added. A list of membership(s) would appear once a â€œMembershipâ€ is added. To view membership details, click on â€œMembershipâ€ name. You may also add multiple entries of memberships. To delete a membership, click on the check box next to the â€œMembershipâ€â€ name. It is also possible to delete multiple entries at the same time by clicking the check box entries you wish to delete and simply clicking â€œDeleteâ€.",,Bianca,637f8896213a315af347161b,,,,,,,,,,TJ-14,,,TJ-42,,,,,,,,,,,,,,,,,,,,{},,TJ-1, Admin Module ,,,,,,,0|i0003r:,,,,,,,,,,,,,,To Do
Languages,TJ-18,10017,Task,Backlog,TJ,Tema Jira,software,Bianca,637f8896213a315af347161b,,Medium,,Bianca,637f8896213a315af347161b,Bianca,637f8896213a315af347161b,Bianca,637f8896213a315af347161b,06/Feb/23 6:09 PM,21/Mar/23 1:56 PM,22/Mar/23 8:06 PM,,OrangeHRM,,0,,"Different types of languages that employees in your company speak can be defined here and can be used in The PIM Module later. To add an entry, go to Admin>> Qualifications>>Languages and click â€œAddâ€, a screen  would appear. Click â€œSaveâ€ once the field is added. A list of languages would appear once a â€œLanguageâ€ type is added. You may also add multiple entries of languages. To delete language types click on the check box next to the â€œLanguageâ€ name. It is also possible to delete multiple entries at the same time by clicking the check box entries you wish to delete and simply clicking â€œDeleteâ€.",,Bianca,637f8896213a315af347161b,,,,,,,,,,TJ-14,TJ-41,,,,,,,,,,,,,,,,,,,,,,{},,TJ-1, Admin Module ,,,,,,,0|i0003j:,,,,,,,,,,,,,,To Do
Licenses,TJ-17,10016,Task,Backlog,TJ,Tema Jira,software,Bianca,637f8896213a315af347161b,,Medium,,Bianca,637f8896213a315af347161b,Bianca,637f8896213a315af347161b,Bianca,637f8896213a315af347161b,06/Feb/23 6:08 PM,21/Mar/23 10:52 AM,22/Mar/23 8:06 PM,,OrangeHRM,,0,,"You can define various types of licenses which can be later used in the PIM Module. To add an entry go to Admin>> Qualifications>> Licenses and click â€œAddâ€, a screen would appear. Click â€œSaveâ€ once the field is added. A list of license type(s) would appear once a â€œLicenseâ€ type is added. You may also add multiple entries of licenses. To delete a license type click on the check box next to the â€œLicenseâ€ name. It is also possible to delete multiple entries at the same time by clicking the check box entries you wish to delete and simply clicking â€œDeleteâ€. ",,Bianca,637f8896213a315af347161b,,,,,,,,,,TJ-14,TJ-39,,,,,,,,,,,,,,,,,,,,,,{},,TJ-1, Admin Module ,,,,,,,0|i0003b:,,,,,,,,,,,,,,To Do
Education,TJ-16,10015,Task,Backlog,TJ,Tema Jira,software,Bianca,637f8896213a315af347161b,,Medium,,Bianca,637f8896213a315af347161b,Bianca,637f8896213a315af347161b,Bianca,637f8896213a315af347161b,06/Feb/23 6:07 PM,21/Mar/23 1:26 PM,22/Mar/23 8:06 PM,,OrangeHRM,,0,,"You can define various types of educational qualifications which can be later used in the PIM Module. To add an entry select Admin>> Qualifications>> Education and click â€œAddâ€, a screen would appear. Click â€œSaveâ€ once the field is added. A list of education would appear once an â€œEducationâ€ entry is added. You may also add multiple entries of skills. To delete education type click on the check box next to the â€œEducationâ€ name. It is also possible to delete multiple entries at the same time by clicking the check box entries you wish to delete and simply clicking â€œDeleteâ€.",,Bianca,637f8896213a315af347161b,,,,,,,,,,TJ-14,TJ-40,,,,,,,,,,,,,,,,,,,,,,{},,TJ-1, Admin Module ,,,,,,,0|i00033:,,,,,,,,,,,,,,To Do
Skills,TJ-15,10014,Task,Backlog,TJ,Tema Jira,software,Bianca,637f8896213a315af347161b,,Medium,,Bianca,637f8896213a315af347161b,Bianca,637f8896213a315af347161b,Bianca,637f8896213a315af347161b,05/Feb/23 1:17 PM,21/Mar/23 10:27 AM,22/Mar/23 8:06 PM,,OrangeHRM,,0,,You can define various sets of skills which can be later used on the PIM Module. To add an entry go to Admin>> Qualifications>> Skills and click â€œAddâ€ and a screen would appear. Click â€œSaveâ€ once the fields are added. A list of skill(s) would appear once a â€œSkillâ€ is added. You may also add multiple entries of skills. To delete a skill click on the check box next to the â€œskillâ€ name. It is also possible to delete multiple entries at the same time by clicking the check box entries you wish to delete and simply clicking â€œDeleteâ€.,,Bianca,637f8896213a315af347161b,,,,,,,,,,TJ-14,TJ-38,,,,,,,,,,,,,,,,,,,,,,{},,TJ-1, Admin Module ,,,,,,,0|i0002v:,,,,,,,,,,,,,,To Do
Qualifications,TJ-14,10013,Story,Backlog,TJ,Tema Jira,software,Bianca,637f8896213a315af347161b,,Medium,,Bianca,637f8896213a315af347161b,Bianca,637f8896213a315af347161b,Bianca,637f8896213a315af347161b,05/Feb/23 1:16 PM,21/Mar/23 2:52 PM,22/Mar/23 8:06 PM,,OrangeHRM,,0,,This feature allows you to define all information with regards to employeesâ€™ qualifications. The sub-menu consists of: â— Skills â— Education â— Licenses â— Languages,,Bianca,637f8896213a315af347161b,,,,,,,,,,TJ-37,,,TJ-1,TJ-15,TJ-16,TJ-17,TJ-18,TJ-19,TJ-38,TJ-40,TJ-39,TJ-41,TJ-42,,,,,,,,,,{},,TJ-1, Admin Module ,,,,,,,0|i0002n:,,,,,,,,,,,,,,To Do
Structure,TJ-13,10012,Task,Backlog,TJ,Tema Jira,software,Bianca,637f8896213a315af347161b,,Medium,,Bianca,637f8896213a315af347161b,Bianca,637f8896213a315af347161b,Bianca,637f8896213a315af347161b,05/Feb/23 1:15 PM,21/Mar/23 9:38 AM,22/Mar/23 8:06 PM,,OrangeHRM,,0,,"This feature allows the admin to define the hierarchy of the company by defining sub units. Since the parent company is already defined in the General Information, it would automatically appear in the Company Structure screen. You need to define the company name of the parent company before you create the Company Structure. To add a sub- unit to the company structure, go to Admin>> Organization>> Structure and click on [+] and the screen would appear. Company Structure may be defined according to the companyâ€™s specifications and hierarchy. When entering the fields, you need to specify if the sub-unit is a Department, Division or Team. Once you have entered the field, click â€œSaveâ€ and the Sub-Unit will appear You may also add further sub-units by clicking [+] option next to the relevant fields to indicate the hierarchy levels of the company and create a pyramidal structure of your organization. To delete an entry, you can simply click â€œ[x]â€ next to the relevant sub units. Click â€œDoneâ€ below the screen to save the information. You can also collapse/expand the sub-units by clicking on the (-) and (+) on the right hand side of the sub-units to further view the company structure hierarchy.",,Bianca,637f8896213a315af347161b,,,,,,,,,,TJ-10,TJ-36,,TJ-70,,,,,,,,,,,,,,,,,,,,{},,TJ-1, Admin Module ,,,,,,,0|i0002f:,,,,,,,,,,,,,,To Do
Locations,TJ-12,10011,Task,Backlog,TJ,Tema Jira,software,Bianca,637f8896213a315af347161b,,Medium,,Bianca,637f8896213a315af347161b,Bianca,637f8896213a315af347161b,Bianca,637f8896213a315af347161b,05/Feb/23 1:14 PM,21/Mar/23 9:36 AM,22/Mar/23 8:06 PM,,OrangeHRM,,0,,"Under Locations, the HR admin can add details of sites and branches of the company. You are also able to track the number of employees working for a particular location once employees are tagged to the locations when building up the PIM Module. To add a location go to Admin>>Organization>>Location and click â€œAddâ€ and the screen would appear. Click â€œSaveâ€ once the fields are added. Once a location is added, it will be listed. You may also enter multiple locations. You may view location details by clicking on â€œLocation Nameâ€. To delete a location click on the check box next to the location name. It is also possible to delete multiple entries at the same time by clicking the check box entries you wish to delete and simply clicking â€œDeleteâ€. ",,Bianca,637f8896213a315af347161b,,,,,,,,,,TJ-10,TJ-35,,TJ-68,TJ-69,,,,,,,,,,,,,,,,,,,{},,TJ-1, Admin Module ,,,,,,,0|i00027:,,,,,,,,,,,,,,To Do
General Information,TJ-11,10010,Task,Backlog,TJ,Tema Jira,software,Bianca,637f8896213a315af347161b,,Medium,,Bianca,637f8896213a315af347161b,Bianca,637f8896213a315af347161b,Bianca,637f8896213a315af347161b,05/Feb/23 1:13 PM,21/Mar/23 8:07 AM,22/Mar/23 8:06 PM,,OrangeHRM,,0,,"Basic details of the company can be entered on this screen. To start adding information, go to Admin>> Organization>> General Information and click â€œEditâ€. Click â€œSaveâ€ once fields are entered. ",,Bianca,637f8896213a315af347161b,,,,,,,,,,TJ-10,TJ-34,,,,,,,,,,,,,,,,,,,,,,{},,TJ-1, Admin Module ,,,,,,,0|i0001z:,,,,,,,,,,,,,,To Do
Organization,TJ-10,10009,Story,Backlog,TJ,Tema Jira,software,Bianca,637f8896213a315af347161b,,Medium,,Bianca,637f8896213a315af347161b,Bianca,637f8896213a315af347161b,Bianca,637f8896213a315af347161b,05/Feb/23 1:12 PM,21/Mar/23 9:38 AM,22/Mar/23 8:06 PM,,OrangeHRM,,0,,"All information about the organization, the structure and locations are defined here.",,Bianca,637f8896213a315af347161b,,,,,,,,,,TJ-1,,,TJ-11,TJ-12,TJ-13,TJ-34,TJ-35,TJ-36,TJ-69,TJ-70,,,,,,,,,,,,,{},,TJ-1, Admin Module ,,,,,,,0|i0001r:,,,,,,,,,,,,,,To Do
Work Shifts,TJ-8,10007,Task,Backlog,TJ,Tema Jira,software,Bianca,637f8896213a315af347161b,,Medium,,Bianca,637f8896213a315af347161b,Bianca,637f8896213a315af347161b,Bianca,637f8896213a315af347161b,05/Feb/23 1:10 PM,21/Mar/23 8:06 AM,22/Mar/23 8:06 PM,,OrangeHRM,,0,,"In this feature the HR Admin can define work shifts for an individual or a group of employees. To add an entry, go to Admin>> Job>> Work Shifts and click â€œAddâ€ and a screen would appear. Click â€œSaveâ€ once the fields are added. You may assign employees to the particular shift by selecting the employeeâ€™s name from the â€œAvailable Employeesâ€ box and â€œAddâ€ him/her to the â€œAssigned Employeesâ€ box. An Employee list needs to be created first under the PIM Module before assigning employees to a particular work shift. A list of work shifts would appear once a â€œWork Shiftâ€ is added. To view Work Shift details, click on â€œWork Shiftâ€ name. You may also add multiple entries of work shifts. To delete a work shift click on the check box next to the â€œWork Shiftâ€â€ name. It is also possible to delete multiple entries at the same time by clicking the check box entries you wish to delete and simply clicking â€œDeleteâ€.",,Bianca,637f8896213a315af347161b,,,,,,,,,,TJ-33,,,TJ-66,TJ-67,,,,,,,,,,,,,,,,,,,{},,TJ-1, Admin Module ,,,,,,,0|i0001j:,,,,,,,,,,,,,,To Do
Job Categories,TJ-7,10006,Task,Backlog,TJ,Tema Jira,software,Bianca,637f8896213a315af347161b,,Medium,,Bianca,637f8896213a315af347161b,Bianca,637f8896213a315af347161b,Bianca,637f8896213a315af347161b,05/Feb/23 1:08 PM,21/Mar/23 8:06 AM,22/Mar/23 8:06 PM,,OrangeHRM,,0,,"This feature allows the HR Admin to create job categories specific to the company to aggregate job classifications. To add an entry, go to Admin>> Job>> Job Categories and click on â€œAddâ€ and a screen would appear. Click â€œSaveâ€ once the field is added. A list of Job Category would appear once a â€œJob Categoryâ€ is added. To view Job Category details, click on â€œJob Categoryâ€ name. You may also add multiple entries of Job Categories. To delete a Job Category click on the check box next to the â€œJob Categoryâ€ name. It is also possible to delete multiple entries at the same time by clicking the check box entries you wish to delete and simply clicking â€œDeleteâ€.",,Bianca,637f8896213a315af347161b,,,,,,,,,,TJ-3,TJ-32,,TJ-64,TJ-65,,,,,,,,,,,,,,,,,,,{},,TJ-1, Admin Module ,,,,,,,0|i0001b:,,,,,,,,,,,,,,To Do
Employment Status,TJ-6,10005,Task,Backlog,TJ,Tema Jira,software,Bianca,637f8896213a315af347161b,,Medium,,Bianca,637f8896213a315af347161b,Bianca,637f8896213a315af347161b,Bianca,637f8896213a315af347161b,05/Feb/23 1:07 PM,22/Mar/23 10:14 AM,22/Mar/23 8:06 PM,,OrangeHRM,,0,,"Employment Status allows you to define the status of employment employees are hired for or if they are terminated. To add an entry, go to Admin>> Job>> Employment Status and click â€œAddâ€ and a screen would appear. Click â€œSaveâ€ once the field is added. A list of Employment Status would appear once an Employment Status is added. To edit an employment status, click on the â€œEmployment Statusâ€ name. To delete an Employment Status click on the check box next to the â€œEmployment Statusâ€ name. It is also possible to delete multiple entries at the same time by clicking the check box entries you wish to delete and simply clicking â€œDeleteâ€. ",,Bianca,637f8896213a315af347161b,,,,,,,,,,TJ-3,,,TJ-31,TJ-62,TJ-63,TJ-85,,,,,,,,,,,,,,,,,{},,TJ-1, Admin Module ,,,,,,,0|i00013:,,,,,,,,,,,,,,To Do
Pay Grade,TJ-5,10004,Task,Backlog,TJ,Tema Jira,software,Bianca,637f8896213a315af347161b,,Medium,,Bianca,637f8896213a315af347161b,Bianca,637f8896213a315af347161b,Bianca,637f8896213a315af347161b,05/Feb/23 1:06 PM,21/Mar/23 8:05 AM,22/Mar/23 8:06 PM,,OrangeHRM,,0,,"The HR Admin can define the pay grade by setting a minimum salary, maximum salary, step increase, and the currency to be paid in. To add an entry, go to Admin>>Job>> Pay Grades and click â€œAddâ€ and a screen would appear. Click â€œSaveâ€ once the field is added. Once you click â€œSaveâ€ the screen would appear and you can now define the currency and the minimum/maximum salary for each pay grade created. You can define the pay grade by clicking â€œAddâ€ under â€œAssigned Currenciesâ€ and then providing the pay details under â€œAdd Currencyâ€. Click â€œSaveâ€ to save the currency for the Pay Grade. You can assign multiple currencies here and each currency defined will be listed. You can edit details of a particular currency by clicking on the â€œCurrencyâ€ name. All pay grades added will be listed. To view Pay Grade details click on â€œPay Grade name. To delete a Pay Grade click on the check box next to the â€œPay Gradeâ€ name. It is also possible to delete multiple entries at the same time by clicking the check box entries you wish to delete and simply clicking â€œDeleteâ€.",,Bianca,637f8896213a315af347161b,,,,,,,,,,TJ-3,TJ-30,,TJ-61,,,,,,,,,,,,,,,,,,,,{},,TJ-1, Admin Module ,,,,,,,0|i0000v:,,,,,,,,,,,,,,To Do
Job Titles,TJ-4,10003,Task,Backlog,TJ,Tema Jira,software,Bianca,637f8896213a315af347161b,,Medium,,Bianca,637f8896213a315af347161b,Bianca,637f8896213a315af347161b,Bianca,637f8896213a315af347161b,05/Feb/23 1:01 PM,21/Mar/23 8:05 AM,22/Mar/23 8:06 PM,,OrangeHRM,,0,,"The job titles specific to the company can be defined in this option. To add an entry, go to Admin>> Job>> Job Titles and click â€œAddâ€. Click â€œSaveâ€ once the fields are added. A list of job title(s) will appear. You may also enter multiple job titles. You may view Job Title details by clicking on the name of the â€œJob Titleâ€. To delete a Job Title click on the check box next to the Job Title name. It is also possible to delete multiple entries at the same time by clicking the check box entries you wish to delete and simply clicking â€œDeleteâ€.",,Bianca,637f8896213a315af347161b,,,,,,,,,,TJ-3,TJ-29,,TJ-59,TJ-60,,,,,,,,,,,,,,,,,,,{},,TJ-1, Admin Module ,,,,,,,0|i0000n:,,,,,,,,,,,,,,To Do
Job,TJ-3,10002,Story,Backlog,TJ,Tema Jira,software,Bianca,637f8896213a315af347161b,,Medium,,Bianca,637f8896213a315af347161b,Bianca,637f8896213a315af347161b,Bianca,637f8896213a315af347161b,05/Feb/23 12:58 PM,22/Mar/23 11:51 AM,22/Mar/23 7:26 PM,,OrangeHRM,,0,,All job related information can be defined in this feature. The sub menu consists of the following items: â— Job Titles â— Pay Grades â— Employment Status â— Job Categories â— Work Shifts,,Bianca,637f8896213a315af347161b,,,,,,,,,,TJ-1,TJ-28,,TJ-4,TJ-5,TJ-6,TJ-7,TJ-29,TJ-30,TJ-31,TJ-32,TJ-33,TJ-85,,,,,,,,,,,{},,TJ-1, Admin Module ,,,,,,,0|i0000f:,,,,,,,,,,,,,,To Do
User Management,TJ-2,10001,Story,Done,TJ,Tema Jira,software,Bianca,637f8896213a315af347161b,,Medium,Done,Bianca,637f8896213a315af347161b,Bianca,637f8896213a315af347161b,Bianca,637f8896213a315af347161b,05/Feb/23 12:48 PM,22/Mar/23 8:29 AM,22/Mar/23 4:56 PM,22/Mar/23 8:29 AM,OrangeHRM,,0,,"This feature allows the HR Admin to administer users by creating logins and defining privileges by assigning User Types (Admin or ESS). To add a system user, go to Admin>> User Management>> Users and click â€œAddâ€. Click â€œSaveâ€ once the fields are added. To create a user login the following needs to be entered: â— User Role: You can assign user roles for each user whether they would fall under as an â€œAdminâ€ or â€œESSâ€ user type to define their user rights. â— Admin: have access full access to the system. â— ESS: limited access to the system. It could be an ESS-Supervisor or ESS-Employee. 1. ESS-Supervisor: where the user has access to his/her particulars and his/her subordinatesâ€™ particulars. 2. ESS-Employee: where the user has access only to his/her particulars. â— Employee Name *If an HR Admin is an existing employee, he/she needs to be defined in the PIM Module â— Username â— Status â€“ Enabled or disabled â— Password â— Confirm Password (Re-enter the password). An employee list needs to be created first under the PIM Module to create user logins. Alternatively, a user login could be created when adding employees under the PIM Module. A list of user logins would appear once an entry is added. You may also add multiple entries of user logins. The default system user available will be Admin and has full access to the system. System User Logins need to be communicated manually to employees. To delete a system user, click on the check box next to the â€œUsernameâ€. It is also possible to delete multiple entries at the same time by clicking the check box entries you wish to delete and simply clicking â€œDeleteâ€.",,Bianca,637f8896213a315af347161b,,,,,,,,,,TJ-1,TJ-27,,TJ-57,,,,,,,,,,,,,,,,,,,,{},,TJ-1, Admin Module ,,,,,,,0|i00007:,,,,,,,,,,,,,,Done
 Admin Module ,TJ-1,10000,Epic,Backlog,TJ,Tema Jira,software,Bianca,637f8896213a315af347161b,,Medium,,Bianca,637f8896213a315af347161b,Bianca,637f8896213a315af347161b,Bianca,637f8896213a315af347161b,25/Jan/23 7:39 PM,21/Mar/23 8:04 AM,22/Mar/23 7:44 PM,,OrangeHRM,,0,,,,Bianca,637f8896213a315af347161b,,,,,,,,,,TJ-14,,,TJ-2,TJ-3,TJ-10,TJ-20,TJ-21,,,,,,,,,,,,,,,,{},ghx-label-12,,,5.0 Admin Module,To Do,,grey,,,0|hzzzzz:,,,,,,,,,,,,,,To Do
